﻿{"computers":[{"Properties":{"haslaps":false,"highvalue":false,"name":"DOMAIN-CONTROLL.CONTROLLER.LOCAL","domain":"CONTROLLER.LOCAL","objectid":"S-1-5-21-849420856-2351964222-986696166-1000","distinguishedname":"CN=DOMAIN-CONTROLL,OU=Domain Controllers,DC=CONTROLLER,DC=local","description":null,"enabled":true,"unconstraineddelegation":true,"serviceprincipalnames":["TERMSRV/DOMAIN-CONTROLL","TERMSRV/Domain-Controller.CONTROLLER.local","Dfsr-12F9A27C-BF97-4787-9364-D31B6C55EB04/Domain-Controller.CONTROLLER.local","ldap/Domain-Controller.CONTROLLER.local/ForestDnsZones.CONTROLLER.local","ldap/Domain-Controller.CONTROLLER.local/DomainDnsZones.CONTROLLER.local","DNS/Domain-Controller.CONTROLLER.local","GC/Domain-Controller.CONTROLLER.local/CONTROLLER.local","RestrictedKrbHost/Domain-Controller.CONTROLLER.local","RestrictedKrbHost/DOMAIN-CONTROLL","RPC/5669f8e7-9fd9-4eb6-8e27-d54ef7ce9c56._msdcs.CONTROLLER.local","HOST/DOMAIN-CONTROLL/CONTROLLER","HOST/Domain-Controller.CONTROLLER.local/CONTROLLER","HOST/DOMAIN-CONTROLL","HOST/Domain-Controller.CONTROLLER.local","HOST/Domain-Controller.CONTROLLER.local/CONTROLLER.local","E3514235-4B06-11D1-AB04-00C04FC2DCD2/5669f8e7-9fd9-4eb6-8e27-d54ef7ce9c56/CONTROLLER.local","ldap/DOMAIN-CONTROLL/CONTROLLER","ldap/5669f8e7-9fd9-4eb6-8e27-d54ef7ce9c56._msdcs.CONTROLLER.local","ldap/Domain-Controller.CONTROLLER.local/CONTROLLER","ldap/DOMAIN-CONTROLL","ldap/Domain-Controller.CONTROLLER.local","ldap/Domain-Controller.CONTROLLER.local/CONTROLLER.local"],"lastlogontimestamp":1621250881,"pwdlastset":1621250856,"operatingsystem":"Windows Server 2019 Standard"},"AllowedToDelegate":[],"AllowedToAct":[],"PrimaryGroupSid":"S-1-5-21-849420856-2351964222-986696166-516","Sessions":[],"LocalAdmins":[],"RemoteDesktopUsers":[],"DcomUsers":[],"PSRemoteUsers":[],"ObjectIdentifier":"S-1-5-21-849420856-2351964222-986696166-1000","Aces":[{"PrincipalSID":"S-1-5-21-849420856-2351964222-986696166-512","PrincipalType":"Group","RightName":"Owner","AceType":"","IsInherited":false},{"PrincipalSID":"S-1-5-21-849420856-2351964222-986696166-512","PrincipalType":"Group","RightName":"GenericAll","AceType":"","IsInherited":false},{"PrincipalSID":"S-1-5-21-849420856-2351964222-986696166-519","PrincipalType":"Group","RightName":"GenericAll","AceType":"","IsInherited":true},{"PrincipalSID":"CONTROLLER.LOCAL-S-1-5-32-544","PrincipalType":"Group","RightName":"WriteDacl","AceType":"","IsInherited":true},{"PrincipalSID":"CONTROLLER.LOCAL-S-1-5-32-544","PrincipalType":"Group","RightName":"WriteOwner","AceType":"","IsInherited":true},{"PrincipalSID":"CONTROLLER.LOCAL-S-1-5-32-544","PrincipalType":"Group","RightName":"GenericWrite","AceType":"","IsInherited":true}]},{"Properties":{"haslaps":false,"highvalue":false,"name":"DESKTOP-2.CONTROLLER.LOCAL","domain":"CONTROLLER.LOCAL","objectid":"S-1-5-21-849420856-2351964222-986696166-1109","distinguishedname":"CN=DESKTOP-2,CN=Computers,DC=CONTROLLER,DC=local","description":null,"enabled":true,"unconstraineddelegation":false,"serviceprincipalnames":["RestrictedKrbHost/DESKTOP-2","HOST/DESKTOP-2","RestrictedKrbHost/Desktop-2.CONTROLLER.local","HOST/Desktop-2.CONTROLLER.local"],"lastlogontimestamp":1589483103,"pwdlastset":1589483103,"operatingsystem":"Windows 10 Enterprise Evaluation"},"AllowedToDelegate":[],"AllowedToAct":[],"PrimaryGroupSid":"S-1-5-21-849420856-2351964222-986696166-515","Sessions":[],"LocalAdmins":[],"RemoteDesktopUsers":[],"DcomUsers":[],"PSRemoteUsers":[],"ObjectIdentifier":"S-1-5-21-849420856-2351964222-986696166-1109","Aces":[{"PrincipalSID":"S-1-5-21-849420856-2351964222-986696166-512","PrincipalType":"Group","RightName":"Owner","AceType":"","IsInherited":false},{"PrincipalSID":"CONTROLLER.LOCAL-S-1-5-32-548","PrincipalType":"Group","RightName":"GenericAll","AceType":"","IsInherited":false},{"PrincipalSID":"S-1-5-21-849420856-2351964222-986696166-512","PrincipalType":"Group","RightName":"GenericAll","AceType":"","IsInherited":false},{"PrincipalSID":"S-1-5-21-849420856-2351964222-986696166-519","PrincipalType":"Group","RightName":"GenericAll","AceType":"","IsInherited":true},{"PrincipalSID":"CONTROLLER.LOCAL-S-1-5-32-544","PrincipalType":"Group","RightName":"WriteDacl","AceType":"","IsInherited":true},{"PrincipalSID":"CONTROLLER.LOCAL-S-1-5-32-544","PrincipalType":"Group","RightName":"WriteOwner","AceType":"","IsInherited":true},{"PrincipalSID":"CONTROLLER.LOCAL-S-1-5-32-544","PrincipalType":"Group","RightName":"GenericWrite","AceType":"","IsInherited":true}]},{"Properties":{"haslaps":false,"highvalue":false,"name":"DESKTOP-1.CONTROLLER.LOCAL","domain":"CONTROLLER.LOCAL","objectid":"S-1-5-21-849420856-2351964222-986696166-1110","distinguishedname":"CN=DESKTOP-1,CN=Computers,DC=CONTROLLER,DC=local","description":null,"enabled":true,"unconstraineddelegation":false,"serviceprincipalnames":["RestrictedKrbHost/DESKTOP-1","HOST/DESKTOP-1","RestrictedKrbHost/Desktop-1.CONTROLLER.local","HOST/Desktop-1.CONTROLLER.local"],"lastlogontimestamp":1589484353,"pwdlastset":1589484352,"operatingsystem":"Windows 10 Enterprise Evaluation"},"AllowedToDelegate":[],"AllowedToAct":[],"PrimaryGroupSid":"S-1-5-21-849420856-2351964222-986696166-515","Sessions":[],"LocalAdmins":[],"RemoteDesktopUsers":[],"DcomUsers":[],"PSRemoteUsers":[],"ObjectIdentifier":"S-1-5-21-849420856-2351964222-986696166-1110","Aces":[{"PrincipalSID":"S-1-5-21-849420856-2351964222-986696166-512","PrincipalType":"Group","RightName":"Owner","AceType":"","IsInherited":false},{"PrincipalSID":"CONTROLLER.LOCAL-S-1-5-32-548","PrincipalType":"Group","RightName":"GenericAll","AceType":"","IsInherited":false},{"PrincipalSID":"S-1-5-21-849420856-2351964222-986696166-512","PrincipalType":"Group","RightName":"GenericAll","AceType":"","IsInherited":false},{"PrincipalSID":"S-1-5-21-849420856-2351964222-986696166-519","PrincipalType":"Group","RightName":"GenericAll","AceType":"","IsInherited":true},{"PrincipalSID":"CONTROLLER.LOCAL-S-1-5-32-544","PrincipalType":"Group","RightName":"WriteDacl","AceType":"","IsInherited":true},{"PrincipalSID":"CONTROLLER.LOCAL-S-1-5-32-544","PrincipalType":"Group","RightName":"WriteOwner","AceType":"","IsInherited":true},{"PrincipalSID":"CONTROLLER.LOCAL-S-1-5-32-544","PrincipalType":"Group","RightName":"GenericWrite","AceType":"","IsInherited":true}]}],"meta":{"count":3,"type":"computers","version":3}}